member_name,five_hour_pct,seven_day_pct,recorded_at
hletrd,7,5,2026-03-20 10:04:11.993881+00
김성민,19,6,2026-03-20 09:15:08.089115+00
claude,6,3,2026-03-20 09:11:54.687767+00
claude,6,3,2026-03-20 09:11:51.917764+00
claude,5,3,2026-03-20 08:54:25.001713+00
김성민,11,5,2026-03-20 08:39:34.591732+00
hletrd,21,4,2026-03-20 08:34:07.843197+00
조면철,10,18,2026-03-20 08:31:54.486036+00
김성민,8,4,2026-03-20 08:15:25.963253+00
김성민,8,4,2026-03-20 08:15:25.53856+00
hletrd,20,4,2026-03-20 08:15:25.537502+00
hletrd,15,3,2026-03-20 07:48:27.030579+00
조면철,7,18,2026-03-20 07:43:10.149794+00
김성민,5,4,2026-03-20 07:42:13.982398+00
jaeyoon,0,1,2026-03-20 07:28:43.293506+00
claude,10,2,2026-03-20 07:15:44.052048+00
cyjun0304,3,16,2026-03-20 06:24:27.175388+00
hletrd,7,2,2026-03-20 06:21:19.376822+00
hletrd,7,2,2026-03-20 06:21:14.413649+00
hletrd,6,2,2026-03-20 06:09:37.877227+00
hletrd,6,2,2026-03-20 06:09:00.701275+00
cyjun0304,7,15,2026-03-20 05:54:16.91683+00
jaeyoon,7,0,2026-03-20 04:50:49.399246+00
hletrd,27,0,2026-03-20 03:57:04.482338+00
claude,1,0,2026-03-20 03:15:17.572287+00
cyjun0304,0,14,2026-03-20 02:26:34.257868+00
김성민,3,2,2026-03-20 01:58:31.70419+00
김윤식,0,3,2026-03-20 01:24:32.04305+00
김윤식,0,3,2026-03-20 01:24:30.385563+00
김윤식,0,3,2026-03-20 01:24:28.786204+00
김윤식,0,3,2026-03-20 01:24:27.067376+00
김윤식,0,3,2026-03-20 01:24:25.400509+00
김윤식,0,3,2026-03-20 01:24:22.925999+00
김윤식,0,3,2026-03-20 01:24:21.131859+00
김윤식,0,3,2026-03-20 01:24:19.507416+00
김윤식,0,3,2026-03-20 01:24:17.903293+00
김윤식,0,3,2026-03-20 01:24:16.251415+00
김윤식,0,3,2026-03-20 01:24:14.596449+00
김윤식,0,3,2026-03-20 01:24:12.862427+00
김윤식,0,3,2026-03-20 01:24:11.20575+00
김윤식,0,3,2026-03-20 01:24:09.457448+00
김윤식,0,3,2026-03-20 01:24:07.746435+00
김윤식,0,3,2026-03-20 01:24:05.868795+00
hletrd,10,89,2026-03-20 00:57:56.514048+00
hletrd,2,20,2026-03-20 00:49:53.023582+00
hletrd,4,88,2026-03-20 00:25:16.288806+00
cyjun0304,2,14,2026-03-19 23:56:17.871023+00
cyjun0304,2,14,2026-03-19 23:56:15.578122+00
조면철,4,15,2026-03-19 16:06:59.457101+00
조면철,4,15,2026-03-19 16:06:58.579736+00
hletrd,22,82,2026-03-19 14:29:55.577568+00
hletrd,21,82,2026-03-19 14:28:59.138891+00
hletrd,15,81,2026-03-19 13:59:29.403838+00
hletrd,15,81,2026-03-19 13:59:26.899291+00
조면철,22,14,2026-03-19 13:16:08.132832+00
조면철,22,14,2026-03-19 13:15:57.916802+00
조면철,20,14,2026-03-19 13:05:30.958281+00
조면철,11,13,2026-03-19 12:16:14.302116+00
조면철,11,13,2026-03-19 12:16:12.514351+00
조면철,10,11,2026-03-19 08:55:06.818001+00
김성민,0,1,2026-03-19 08:47:52.892753+00
조면철,10,11,2026-03-19 08:43:21.011108+00
hletrd,10,78,2026-03-19 08:39:51.118241+00
hletrd,10,78,2026-03-19 08:39:49.485568+00
hletrd,10,78,2026-03-19 08:39:47.785728+00
hletrd,8,77,2026-03-19 08:38:31.895938+00
hletrd,8,77,2026-03-19 08:37:49.227711+00
hletrd,8,77,2026-03-19 08:37:37.737705+00
hletrd,7,77,2026-03-19 08:34:25.905112+00
hletrd,6,77,2026-03-19 08:30:25.166319+00
조면철,9,11,2026-03-19 08:30:12.903029+00
hletrd,4,77,2026-03-19 08:25:41.436326+00
hletrd,4,77,2026-03-19 08:25:40.250698+00
hletrd,3,77,2026-03-19 07:53:46.16069+00
김성민,3,0,2026-03-19 06:45:36.435381+00
jaeyoon,8,43,2026-03-19 05:59:10.813391+00
김성민,1,0,2026-03-19 04:48:24.013246+00
조면철,1,10,2026-03-19 04:02:45.72726+00
hletrd,25,75,2026-03-19 03:21:53.12355+00
김성민,0,0,2026-03-19 03:11:22.645086+00
jaeyoon,16,40,2026-03-19 02:14:57.706053+00
조면철,4,10,2026-03-19 02:11:54.719321+00
김성민,6,72,2026-03-19 02:02:45.742879+00
jaeyoon,10,39,2026-03-19 01:39:04.226251+00
hletrd,32,71,2026-03-18 16:14:53.392954+00
hletrd,32,71,2026-03-18 16:14:51.052902+00
hletrd,21,69,2026-03-18 15:53:12.490641+00
hletrd,21,69,2026-03-18 15:53:12.192935+00
hletrd,10,68,2026-03-18 15:31:19.657279+00
hletrd,9,68,2026-03-18 15:23:19.392141+00
jaeyoon,0,38,2026-03-18 14:45:57.625473+00
김성민,3,70,2026-03-18 12:39:28.949778+00
조면철,5,8,2026-03-18 10:39:20.072667+00
jaeyoon,16,38,2026-03-18 10:35:04.442765+00
jaeyoon,16,38,2026-03-18 10:08:24.376048+00
조면철,3,8,2026-03-18 10:07:48.143802+00
김성민,6,69,2026-03-18 09:17:15.22608+00
김성민,2,69,2026-03-18 09:00:47.560283+00
조면철,10,8,2026-03-18 08:56:54.038794+00
hletrd,22,60,2026-03-18 08:56:44.590861+00
hletrd,22,60,2026-03-18 08:56:42.877844+00
조면철,10,8,2026-03-18 08:56:15.085552+00
조면철,10,8,2026-03-18 08:56:12.366332+00
김성민,2,69,2026-03-18 08:55:01.729839+00
김성민,2,69,2026-03-18 08:55:01.300048+00
hletrd,21,60,2026-03-18 08:51:33.092922+00
hletrd,21,60,2026-03-18 08:51:32.214119+00
hletrd,20,60,2026-03-18 08:41:21.162438+00
hletrd,20,60,2026-03-18 08:38:44.859862+00
hletrd,18,60,2026-03-18 08:28:20.855909+00
조면철,9,7,2026-03-18 08:27:52.585008+00
조면철,9,7,2026-03-18 08:27:23.78284+00
조면철,9,7,2026-03-18 08:25:48.518984+00
조면철,9,7,2026-03-18 08:25:47.383556+00
hletrd,17,60,2026-03-18 08:20:47.436315+00
hletrd,17,60,2026-03-18 08:20:26.202042+00
조면철,7,7,2026-03-18 07:59:07.771974+00
조면철,7,7,2026-03-18 07:54:05.391813+00
cyjun0304,14,13,2026-03-18 07:51:38.183178+00
cyjun0304,14,13,2026-03-18 07:50:37.973863+00
김성민,2,69,2026-03-18 07:48:44.412942+00
cyjun0304,14,13,2026-03-18 07:45:00.336814+00
김성민,2,69,2026-03-18 07:41:04.825865+00
김성민,2,69,2026-03-18 07:40:58.316695+00
조면철,7,7,2026-03-18 07:36:46.595584+00
조면철,5,7,2026-03-18 07:23:45.291161+00
조면철,4,7,2026-03-18 07:19:04.415142+00
cyjun0304,9,12,2026-03-18 06:46:51.829754+00
cyjun0304,9,12,2026-03-18 06:44:33.383821+00
cyjun0304,8,12,2026-03-18 06:43:17.792049+00
cyjun0304,5,12,2026-03-18 06:34:00.136693+00
cyjun0304,4,12,2026-03-18 06:29:58.259367+00
cyjun0304,4,12,2026-03-18 06:29:57.48373+00
cyjun0304,3,12,2026-03-18 06:25:26.578092+00
조면철,4,7,2026-03-18 06:09:06.080261+00
조면철,4,7,2026-03-18 05:56:59.900624+00
김성민,10,68,2026-03-18 05:54:57.465586+00
조면철,3,7,2026-03-18 05:53:32.278496+00
조면철,3,7,2026-03-18 05:51:37.064127+00
조면철,3,7,2026-03-18 05:50:58.246192+00
jaeyoon,20,36,2026-03-18 05:46:34.079442+00
조면철,3,7,2026-03-18 05:44:42.63387+00
김성민,8,68,2026-03-18 04:50:20.249587+00
김성민,6,68,2026-03-18 04:45:32.168891+00
김성민,5,68,2026-03-18 04:44:04.851456+00
cyjun0304,41,12,2026-03-18 04:30:10.809176+00
cyjun0304,40,12,2026-03-18 04:30:10.207016+00
김성민,4,68,2026-03-18 03:54:15.742464+00
김성민,4,68,2026-03-18 03:54:15.344246+00
김성민,4,68,2026-03-18 03:54:15.335983+00
김성민,4,68,2026-03-18 03:54:15.31164+00
김성민,4,68,2026-03-18 03:54:14.917661+00
김성민,4,68,2026-03-18 03:54:14.915267+00
김성민,4,68,2026-03-18 03:54:14.911884+00
김성민,4,68,2026-03-18 03:54:14.874657+00
hletrd,4,15,2026-03-18 03:25:26.51014+00
조면철,4,6,2026-03-18 02:25:28.807945+00
조면철,3,6,2026-03-18 02:07:12.218332+00
hletrd,21,56,2026-03-18 02:04:28.968242+00
hletrd,18,56,2026-03-18 01:59:51.9201+00
hletrd,18,56,2026-03-18 01:58:31.672544+00
hletrd,18,56,2026-03-18 01:58:29.28381+00
hletrd,18,56,2026-03-18 01:58:00.495206+00
jaeyoon,6,34,2026-03-18 01:51:05.035118+00
hletrd,16,56,2026-03-18 01:21:02.927735+00
hletrd,16,56,2026-03-18 01:21:02.576385+00
hletrd,4,54,2026-03-17 23:43:20.111269+00
hletrd,0,54,2026-03-17 23:19:28.603568+00
hletrd,0,54,2026-03-17 23:19:26.745109+00
jaeyoon,0,33,2026-03-17 21:30:44.986594+00
jaeyoon,13,33,2026-03-17 18:06:39.750703+00
jaeyoon,13,33,2026-03-17 17:59:40.50817+00
jaeyoon,13,33,2026-03-17 17:58:36.271251+00
jaeyoon,13,33,2026-03-17 17:56:53.401951+00
jaeyoon,13,33,2026-03-17 17:29:30.61981+00
jaeyoon,12,33,2026-03-17 17:09:29.924932+00
jaeyoon,12,33,2026-03-17 17:07:42.346006+00
jaeyoon,12,33,2026-03-17 17:01:22.930417+00
jaeyoon,11,33,2026-03-17 16:40:58.604919+00
jaeyoon,11,33,2026-03-17 16:40:58.153139+00
jaeyoon,10,33,2026-03-17 16:29:35.332045+00
jaeyoon,10,33,2026-03-17 16:29:02.124795+00
jaeyoon,10,33,2026-03-17 16:27:33.881559+00
jaeyoon,10,33,2026-03-17 16:26:34.301071+00
jaeyoon,10,33,2026-03-17 16:24:58.440205+00
jaeyoon,9,33,2026-03-17 16:22:48.006607+00
jaeyoon,9,33,2026-03-17 16:22:38.717555+00
jaeyoon,7,33,2026-03-17 16:03:38.463018+00
jaeyoon,2,32,2026-03-17 15:02:37.777123+00
jaeyoon,2,32,2026-03-17 15:02:34.717171+00
jaeyoon,1,32,2026-03-17 14:51:43.511459+00
jaeyoon,0,32,2026-03-17 14:16:14.475526+00
김성민,6,64,2026-03-17 13:33:09.535367+00
jaeyoon,10,31,2026-03-17 13:05:06.054418+00
김성민,1,63,2026-03-17 12:15:34.93122+00
hletrd,2,50,2026-03-17 12:07:23.444507+00
hletrd,2,50,2026-03-17 12:04:41.754726+00
hletrd,16,49,2026-03-17 11:55:27.723387+00
hletrd,12,49,2026-03-17 11:11:20.436401+00
hletrd,12,49,2026-03-17 11:11:20.272161+00
hletrd,12,49,2026-03-17 11:11:20.08358+00
조면철,8,4,2026-03-17 10:59:56.651104+00
hletrd,5,48,2026-03-17 10:17:06.83904+00
hletrd,5,48,2026-03-17 10:16:53.235229+00
cyjun0304,16,8,2026-03-17 09:36:16.377028+00
cyjun0304,16,8,2026-03-17 09:35:40.575477+00
cyjun0304,15,8,2026-03-17 09:08:42.678655+00
cyjun0304,15,8,2026-03-17 09:08:40.661191+00
김성민,18,63,2026-03-17 08:55:33.893775+00
cyjun0304,13,8,2026-03-17 08:53:54.959609+00
hletrd,4,48,2026-03-17 08:45:25.831325+00
cyjun0304,11,8,2026-03-17 08:42:08.893511+00
cyjun0304,11,8,2026-03-17 08:42:06.488774+00
조면철,6,3,2026-03-17 08:32:30.352081+00
조면철,5,3,2026-03-17 07:56:52.12679+00
조면철,5,3,2026-03-17 07:56:51.753407+00
cyjun0304,6,7,2026-03-17 07:49:53.542861+00
cyjun0304,6,7,2026-03-17 07:49:52.87206+00
cyjun0304,5,7,2026-03-17 07:31:30.176168+00
cyjun0304,5,7,2026-03-17 07:11:24.557928+00
cyjun0304,5,7,2026-03-17 07:10:16.870645+00
cyjun0304,5,7,2026-03-17 07:08:12.447115+00
cyjun0304,5,7,2026-03-17 07:06:26.124431+00
hletrd,15,47,2026-03-17 06:57:29.234625+00
김성민,4,61,2026-03-17 06:53:05.698708+00
김성민,4,61,2026-03-17 06:52:52.768847+00
김성민,0,61,2026-03-17 06:27:33.59023+00
jaeyoon,6,28,2026-03-17 06:15:24.883995+00
cyjun0304,4,7,2026-03-17 06:03:23.650943+00
cyjun0304,4,7,2026-03-17 05:47:35.899055+00
cyjun0304,4,7,2026-03-17 05:47:35.897404+00
cyjun0304,2,7,2026-03-17 05:33:05.859132+00
cyjun0304,2,7,2026-03-17 05:33:03.377446+00
cyjun0304,2,7,2026-03-17 05:15:46.394848+00
hletrd,20,11,2026-03-17 05:11:58.752801+00
cyjun0304,0,7,2026-03-17 05:04:51.152078+00
cyjun0304,14,6,2026-03-17 04:43:28.088519+00
hletrd,11,10,2026-03-17 04:01:16.476996+00
김성민,3,60,2026-03-17 02:43:23.603478+00
cyjun0304,9,6,2026-03-17 02:32:53.711138+00
cyjun0304,9,6,2026-03-17 02:32:52.790474+00
cyjun0304,7,6,2026-03-17 02:15:07.375695+00
cyjun0304,7,6,2026-03-17 02:15:05.389379+00
cyjun0304,7,6,2026-03-17 02:13:49.432159+00
hletrd,4,9,2026-03-17 02:12:40.881624+00
hletrd,4,9,2026-03-17 02:12:39.567322+00
cyjun0304,6,6,2026-03-17 02:12:39.50968+00
hletrd,4,9,2026-03-17 02:12:35.930695+00
cyjun0304,6,6,2026-03-17 02:12:01.98713+00
김성민,3,60,2026-03-17 02:06:42.633182+00
김성민,3,60,2026-03-17 02:06:37.320795+00
김성민,2,60,2026-03-17 01:57:28.771904+00
hletrd,2,9,2026-03-17 01:48:40.155758+00
hletrd,2,9,2026-03-17 01:48:28.459+00
hletrd,2,9,2026-03-17 01:48:26.812769+00
hletrd,2,9,2026-03-17 01:48:25.140614+00
hletrd,2,9,2026-03-17 01:48:22.937261+00
hletrd,2,9,2026-03-17 01:48:21.251306+00
hletrd,2,9,2026-03-17 01:48:19.573347+00
hletrd,2,9,2026-03-17 01:48:17.91085+00
hletrd,2,9,2026-03-17 01:48:15.575388+00
hletrd,15,45,2026-03-17 01:43:59.526403+00
hletrd,15,45,2026-03-17 01:43:12.089465+00
hletrd,13,45,2026-03-17 01:24:03.531694+00
hletrd,12,44,2026-03-17 01:19:11.38631+00
cyjun0304,4,6,2026-03-17 01:12:53.717206+00
hletrd,12,44,2026-03-17 01:05:03.887268+00
hletrd,11,44,2026-03-17 01:02:26.444291+00
cyjun0304,1,5,2026-03-17 00:50:03.76303+00
hletrd,11,44,2026-03-17 00:40:57.886185+00
hletrd,11,44,2026-03-17 00:29:56.599386+00
hletrd,11,44,2026-03-17 00:29:53.901621+00
hletrd,11,44,2026-03-17 00:28:45.306809+00
jaeyoon,0,25,2026-03-16 23:44:24.293273+00
조면철,0,2,2026-03-16 22:29:19.055435+00
hletrd,7,44,2026-03-16 21:41:01.796768+00
hletrd,7,44,2026-03-16 21:40:59.741397+00
hletrd,7,44,2026-03-16 21:40:58.796568+00
jaeyoon,28,24,2026-03-16 16:52:10.606263+00
김성민,12,59,2026-03-16 16:32:22.550215+00
김성민,2,57,2026-03-16 15:17:19.739924+00
조면철,1,1,2026-03-16 14:56:36.213093+00
조면철,1,1,2026-03-16 14:56:10.541056+00
조면철,1,1,2026-03-16 14:55:38.013758+00
조면철,0,1,2026-03-16 14:49:28.289837+00
hletrd,31,42,2026-03-16 14:18:02.468508+00
hletrd,31,42,2026-03-16 14:18:00.175524+00
hletrd,31,42,2026-03-16 14:17:49.215445+00
hletrd,6,8,2026-03-16 14:15:58.435704+00
hletrd,6,8,2026-03-16 14:15:33.060833+00
hletrd,5,8,2026-03-16 14:12:50.506229+00
hletrd,9,39,2026-03-16 13:42:55.925192+00
jaeyoon,11,20,2026-03-16 13:18:48.17483+00
jaeyoon,10,20,2026-03-16 13:08:56.644194+00
jaeyoon,9,20,2026-03-16 13:05:45.025579+00
jaeyoon,9,20,2026-03-16 13:03:32.365006+00
김성민,46,50,2026-03-16 12:15:43.708466+00
hletrd,0,38,2026-03-16 12:11:16.156293+00
jaeyoon,5,19,2026-03-16 11:39:17.028786+00
jaeyoon,3,19,2026-03-16 11:10:57.469471+00
조면철,0,1,2026-03-16 10:29:39.831007+00
hletrd,0,38,2026-03-16 10:29:20.52493+00
hletrd,0,38,2026-03-16 10:29:18.451089+00
김성민,3,44,2026-03-16 10:13:22.067559+00
cyjun0304,6,3,2026-03-16 07:58:11.074846+00
cyjun0304,4,2,2026-03-16 07:35:19.683295+00
cyjun0304,4,2,2026-03-16 07:01:27.508631+00
cyjun0304,3,2,2026-03-16 06:39:28.807095+00
hletrd,0,37,2026-03-16 05:45:05.227529+00
김성민,3,33,2026-03-16 05:12:24.582291+00
김성민,17,32,2026-03-16 04:26:42.555016+00
hletrd,5,37,2026-03-16 03:26:34.917695+00
hletrd,5,37,2026-03-16 02:49:53.398626+00
hletrd,5,37,2026-03-16 02:47:07.944656+00
cyjun0304,15,2,2026-03-16 02:45:42.130253+00
hletrd,5,37,2026-03-16 02:44:43.30272+00
cyjun0304,13,2,2026-03-16 02:33:39.74743+00
cyjun0304,13,2,2026-03-16 02:33:39.587239+00
김성민,12,32,2026-03-16 02:21:37.443479+00
cyjun0304,13,2,2026-03-16 02:17:55.69221+00
김성민,6,31,2026-03-16 02:03:34.4258+00
cyjun0304,12,2,2026-03-16 01:51:12.333219+00
cyjun0304,12,2,2026-03-16 01:50:48.049817+00
cyjun0304,12,2,2026-03-16 01:50:45.672665+00
cyjun0304,12,2,2026-03-16 01:48:47.033649+00
cyjun0304,11,2,2026-03-16 01:41:44.126191+00
김성민,2,31,2026-03-16 01:28:40.05336+00
김성민,2,31,2026-03-16 01:28:39.344406+00
hletrd,2,36,2026-03-16 01:27:52.069822+00
조면철,2,8,2026-03-16 01:25:32.395197+00
조면철,2,8,2026-03-16 00:28:23.969304+00
조면철,1,8,2026-03-16 00:18:45.217996+00
cyjun0304,0,1,2026-03-15 23:41:52.331561+00
hletrd,9,36,2026-03-15 13:13:37.985105+00
hletrd,9,36,2026-03-15 13:13:36.129235+00
hletrd,4,35,2026-03-15 09:06:16.157006+00
hletrd,4,35,2026-03-15 08:39:50.964615+00
조면철,0,8,2026-03-15 08:38:52.503937+00
조면철,0,8,2026-03-15 08:38:52.281021+00
hletrd,3,35,2026-03-15 07:35:17.470774+00
hletrd,3,35,2026-03-15 07:27:57.093494+00
jaeyoon,1,12,2026-03-15 06:52:17.127374+00
jaeyoon,1,12,2026-03-15 06:52:16.282813+00
jaeyoon,0,11,2026-03-15 00:04:29.345543+00
jaeyoon,0,11,2026-03-15 00:04:26.837726+00
jaeyoon,0,11,2026-03-14 21:09:52.948009+00
조면철,8,8,2026-03-14 17:28:55.198693+00
hletrd,10,34,2026-03-14 16:35:56.935226+00
조면철,3,7,2026-03-14 15:38:49.487765+00
hletrd,0,33,2026-03-14 15:27:25.228276+00
조면철,3,7,2026-03-14 15:26:19.359366+00
조면철,3,7,2026-03-14 15:25:08.508+00
조면철,2,7,2026-03-14 15:16:06.688191+00
jaeyoon,11,8,2026-03-14 13:18:06.211446+00
hletrd,6,32,2026-03-14 12:51:25.043848+00
hletrd,5,32,2026-03-14 12:48:03.985673+00
hletrd,5,32,2026-03-14 12:48:02.045752+00
김성민,13,29,2026-03-14 11:20:34.253348+00
조면철,0,6,2026-03-14 08:09:53.735814+00
hletrd,47,53,2026-03-14 05:39:28.329265+00
hletrd,47,53,2026-03-14 05:39:25.555129+00
hletrd,47,53,2026-03-14 05:04:47.197734+00
hletrd,22,29,2026-03-14 05:00:40.534163+00
hletrd,22,50,2026-03-14 04:50:47.040551+00
hletrd,22,50,2026-03-14 04:45:55.878315+00
hletrd,22,50,2026-03-14 04:45:49.999021+00
hletrd,22,50,2026-03-14 04:45:47.95729+00
김성민,9,23,2026-03-14 04:39:56.709656+00
hletrd,11,28,2026-03-14 04:20:37.218961+00
hletrd,32,46,2026-03-14 03:53:11.945591+00
hletrd,36,24,2026-03-14 00:00:36.473047+00
hletrd,36,24,2026-03-14 00:00:36.13159+00
hletrd,3,42,2026-03-13 23:43:09.483117+00
조면철,5,6,2026-03-13 15:30:03.904858+00
조면철,4,6,2026-03-13 15:18:05.853459+00
조면철,4,6,2026-03-13 15:18:05.18752+00
김성민,51,21,2026-03-13 14:47:54.375169+00
김성민,51,21,2026-03-13 14:47:52.598024+00
김성민,51,21,2026-03-13 14:47:52.593807+00
김성민,49,21,2026-03-13 14:32:14.223518+00
김성민,49,21,2026-03-13 14:32:11.637347+00
김성민,44,20,2026-03-13 14:13:19.678581+00
hletrd,68,38,2026-03-13 12:02:51.24798+00
hletrd,68,38,2026-03-13 11:57:42.149858+00
hletrd,68,38,2026-03-13 11:53:13.680541+00
hletrd,68,38,2026-03-13 11:53:09.821794+00
hletrd,84,17,2026-03-13 11:51:11.663617+00
hletrd,71,15,2026-03-13 11:37:27.864284+00
hletrd,55,13,2026-03-13 11:10:41.033348+00
hletrd,52,13,2026-03-13 11:06:10.514007+00
hletrd,49,13,2026-03-13 10:54:18.362584+00
hletrd,43,34,2026-03-13 10:37:51.567792+00
hletrd,26,10,2026-03-13 09:19:50.464825+00
hletrd,17,31,2026-03-13 09:14:41.551686+00
hletrd,38,6,2026-03-13 08:58:19.136778+00
hletrd,9,30,2026-03-13 08:54:28.911294+00
cyjun0304,15,39,2026-03-13 08:12:50.42308+00
cyjun0304,15,39,2026-03-13 08:12:50.317572+00
cyjun0304,12,39,2026-03-13 07:35:01.714525+00
cyjun0304,12,39,2026-03-13 07:35:01.065061+00
hletrd,100,29,2026-03-13 06:56:53.648687+00
cyjun0304,5,38,2026-03-13 06:33:37.711324+00
cyjun0304,0,38,2026-03-13 06:07:33.890034+00
cyjun0304,0,38,2026-03-13 06:07:33.155959+00
cyjun0304,0,38,2026-03-13 06:05:44.137331+00
cyjun0304,25,38,2026-03-13 05:58:03.38258+00
cyjun0304,25,38,2026-03-13 05:58:02.744997+00
조면철,2,5,2026-03-13 05:00:46.488751+00
조면철,2,5,2026-03-13 04:59:26.238307+00
조면철,2,5,2026-03-13 04:35:01.415537+00
cyjun0304,18,37,2026-03-13 04:23:37.173382+00
hletrd,51,0,2026-03-13 03:58:23.286185+00
hletrd,51,0,2026-03-13 03:58:21.431271+00
hletrd,51,0,2026-03-13 03:57:02.596359+00
hletrd,11,17,2026-03-13 03:43:32.258406+00
hletrd,11,17,2026-03-13 03:43:30.141116+00
hletrd,11,17,2026-03-13 03:43:27.83929+00
hletrd,100,4,2026-03-13 03:24:54.928782+00
hletrd,100,4,2026-03-13 03:21:39.477168+00
hletrd,100,4,2026-03-13 03:21:18.370938+00
cyjun0304,17,37,2026-03-13 03:19:23.790089+00
hletrd,49,0,2026-03-13 03:09:54.103356+00
cyjun0304,17,37,2026-03-13 03:02:03.779344+00
hletrd,46,99,2026-03-13 02:55:57.953597+00
hletrd,46,99,2026-03-13 02:55:55.752832+00
hletrd,72,98,2026-03-13 02:52:17.605053+00
hletrd,41,99,2026-03-13 02:44:01.662731+00
hletrd,41,99,2026-03-13 02:42:35.358734+00
조면철,0,5,2026-03-13 02:31:08.061108+00
조면철,0,5,2026-03-13 02:30:39.822574+00
조면철,0,5,2026-03-13 02:29:24.903782+00
cyjun0304,10,37,2026-03-13 02:16:01.968593+00
cyjun0304,10,37,2026-03-13 02:16:01.095287+00
hletrd,37,98,2026-03-13 02:11:34.485812+00
jaeyoon,1,32,2026-03-13 01:54:24.017133+00
jaeyoon,0,32,2026-03-13 01:31:04.612426+00
jaeyoon,0,32,2026-03-13 01:30:14.775913+00
hletrd,32,97,2026-03-13 00:49:12.343779+00
hletrd,20,91,2026-03-13 00:36:06.984031+00
hletrd,20,91,2026-03-13 00:33:46.909235+00
hletrd,28,97,2026-03-13 00:25:50.500388+00
hletrd,27,97,2026-03-13 00:24:05.363908+00
hletrd,17,95,2026-03-13 00:02:12.922157+00
hletrd,17,95,2026-03-13 00:02:10.821772+00
hletrd,11,95,2026-03-12 23:51:45.573767+00
hletrd,10,90,2026-03-12 23:43:05.724435+00
hletrd,10,90,2026-03-12 23:43:02.246439+00
김성민,5,6,2026-03-12 17:38:03.082305+00
김성민,0,6,2026-03-12 15:08:34.506111+00
jaeyoon,13,32,2026-03-12 14:30:05.777591+00
hletrd,74,85,2026-03-12 14:08:46.234906+00
조면철,3,5,2026-03-12 14:07:20.104964+00
hletrd,24,89,2026-03-12 13:57:15.708862+00
hletrd,58,83,2026-03-12 13:51:33.179573+00
hletrd,58,83,2026-03-12 13:51:30.638447+00
hletrd,58,83,2026-03-12 13:51:28.025183+00
hletrd,40,81,2026-03-12 13:44:16.449161+00
jaeyoon,11,32,2026-03-12 13:30:49.376876+00
조면철,5,4,2026-03-12 12:50:55.658438+00
조면철,5,4,2026-03-12 12:39:44.795023+00
조면철,5,4,2026-03-12 12:32:21.24885+00
조면철,5,4,2026-03-12 12:31:47.025853+00
조면철,5,4,2026-03-12 12:31:20.881847+00
조면철,4,4,2026-03-12 12:22:39.631514+00
조면철,4,4,2026-03-12 12:21:39.231857+00
조면철,4,4,2026-03-12 12:15:32.890603+00
hletrd,95,75,2026-03-12 11:41:45.317014+00
hletrd,95,75,2026-03-12 11:41:39.336897+00
hletrd,91,74,2026-03-12 11:38:18.728722+00
jaeyoon,3,31,2026-03-12 11:31:36.383409+00
hletrd,91,74,2026-03-12 11:31:05.022679+00
hletrd,91,74,2026-03-12 11:31:03.253956+00
jaeyoon,3,31,2026-03-12 11:29:43.056194+00
hletrd,78,72,2026-03-12 11:18:45.336468+00
hletrd,78,72,2026-03-12 11:15:42.962492+00
hletrd,78,72,2026-03-12 11:15:29.193474+00
hletrd,78,72,2026-03-12 11:15:21.117546+00
hletrd,78,72,2026-03-12 11:15:15.598924+00
hletrd,68,71,2026-03-12 10:50:45.516093+00
cyjun0304,10,36,2026-03-12 10:26:41.647177+00
hletrd,38,67,2026-03-12 10:20:41.955956+00
hletrd,23,65,2026-03-12 09:42:31.428244+00
김성민,12,4,2026-03-12 07:39:04.016614+00
김성민,11,4,2026-03-12 07:38:37.824007+00
김성민,8,4,2026-03-12 07:36:15.57309+00
cyjun0304,41,34,2026-03-12 07:14:56.802747+00
hletrd,20,65,2026-03-12 07:13:41.370897+00
hletrd,20,65,2026-03-12 07:13:39.399509+00
hletrd,80,11,2026-03-12 07:07:53.790965+00
hletrd,80,11,2026-03-12 07:07:51.919927+00
hletrd,80,11,2026-03-12 07:04:19.531717+00
hletrd,80,11,2026-03-12 07:03:52.561301+00
hletrd,80,11,2026-03-12 06:59:59.977615+00
김성민,0,3,2026-03-12 06:18:45.853763+00
hletrd,30,4,2026-03-12 05:50:29.782344+00
hletrd,30,4,2026-03-12 05:49:05.894126+00
hletrd,30,4,2026-03-12 05:49:05.396616+00
hletrd,30,4,2026-03-12 05:49:04.291487+00
hletrd,30,4,2026-03-12 05:49:04.240929+00
hletrd,30,4,2026-03-12 05:49:02.565369+00
hletrd,100,62,2026-03-12 05:15:08.319204+00
hletrd,100,62,2026-03-12 05:14:28.975343+00
hletrd,100,62,2026-03-12 05:14:14.913597+00
cyjun0304,2,31,2026-03-12 04:14:26.341644+00
김성민,29,0,2026-03-12 03:01:28.639568+00
김성민,8,92,2026-03-12 02:54:18.419322+00
김성민,8,92,2026-03-12 02:54:01.789909+00
cyjun0304,9,31,2026-03-12 02:49:49.534592+00
cyjun0304,7,31,2026-03-12 02:37:41.288101+00
cyjun0304,7,31,2026-03-12 02:37:40.756796+00
cyjun0304,6,31,2026-03-12 02:26:19.665912+00
cyjun0304,6,31,2026-03-12 02:22:36.07717+00
cyjun0304,2,30,2026-03-12 02:05:13.254974+00
hletrd,9,50,2026-03-12 02:01:45.948601+00
hletrd,1,49,2026-03-12 01:43:35.273794+00
hletrd,29,82,2026-03-12 00:48:53.332724+00
조면철,0,3,2026-03-11 16:06:32.42806+00
jaeyoon,19,28,2026-03-11 14:39:49.860449+00
hletrd,17,78,2026-03-11 13:03:14.761715+00
hletrd,17,78,2026-03-11 13:03:14.578174+00
김성민,9,88,2026-03-11 12:49:15.176583+00
김성민,8,88,2026-03-11 12:18:46.074307+00
hletrd,7,77,2026-03-11 11:55:57.044692+00
김성민,6,87,2026-03-11 11:51:48.294376+00
조면철,0,3,2026-03-11 10:40:58.426051+00
조면철,0,3,2026-03-11 10:40:58.278758+00
hletrd,3,77,2026-03-11 10:31:18.332304+00
cyjun0304,5,24,2026-03-11 09:35:20.436216+00
hletrd,9,75,2026-03-11 06:40:29.986529+00
hletrd,7,74,2026-03-11 06:06:39.822709+00
김성민,6,83,2026-03-11 05:35:25.136791+00
hletrd,2,74,2026-03-11 05:18:56.455425+00
cyjun0304,1,21,2026-03-11 04:54:04.224679+00
조면철,6,3,2026-03-11 04:46:41.603544+00
hletrd,75,74,2026-03-11 04:45:18.783856+00
조면철,6,3,2026-03-11 04:40:20.447127+00
김성민,31,81,2026-03-11 03:51:19.287336+00
김성민,30,81,2026-03-11 03:48:37.590029+00
hletrd,40,41,2026-03-11 02:35:42.621463+00
김성민,4,77,2026-03-11 02:09:47.678954+00
김성민,4,77,2026-03-11 02:09:44.001442+00
김성민,4,77,2026-03-11 02:09:29.633399+00
hletrd,43,69,2026-03-11 02:08:13.296797+00
hletrd,43,69,2026-03-11 02:08:10.363831+00
hletrd,34,68,2026-03-11 01:45:47.44936+00
hletrd,28,67,2026-03-11 01:24:03.738876+00
hletrd,17,66,2026-03-11 00:47:50.172951+00
jaeyoon,0,20,2026-03-11 00:06:51.895606+00
jaeyoon,0,20,2026-03-11 00:06:51.895577+00
jaeyoon,6,20,2026-03-10 17:01:56.112657+00
jaeyoon,6,20,2026-03-10 17:01:15.005641+00
jaeyoon,6,20,2026-03-10 17:00:57.674849+00
jaeyoon,6,20,2026-03-10 16:54:40.473901+00
jaeyoon,1,19,2026-03-10 15:26:33.633615+00
hletrd,40,41,2026-03-10 13:24:29.903396+00
hletrd,27,39,2026-03-10 13:02:43.22714+00
hletrd,27,39,2026-03-10 13:02:40.877033+00
조면철,3,2,2026-03-10 11:07:13.018848+00
cyjun0304,20,21,2026-03-10 10:52:55.6312+00
cyjun0304,14,20,2026-03-10 10:30:28.545687+00
hletrd,0,36,2026-03-10 09:48:52.218785+00
hletrd,0,36,2026-03-10 09:48:50.371731+00
hletrd,0,36,2026-03-10 09:05:15.784549+00
cyjun0304,41,17,2026-03-10 08:40:30.299255+00
cyjun0304,41,17,2026-03-10 08:40:28.443979+00
cyjun0304,35,17,2026-03-10 08:28:26.226154+00
Da-hye Kim,33,40,2026-03-10 08:20:49.415951+00
Da-hye Kim,33,40,2026-03-10 08:20:47.262731+00
cyjun0304,32,16,2026-03-10 08:10:55.996237+00
cyjun0304,31,16,2026-03-10 08:09:00.465019+00
cyjun0304,27,16,2026-03-10 07:30:57.535724+00
cyjun0304,27,16,2026-03-10 07:28:10.935476+00
cyjun0304,15,15,2026-03-10 06:25:54.659154+00
hletrd,1,35,2026-03-10 05:19:25.886648+00
cyjun0304,6,12,2026-03-10 02:25:52.482969+00
hletrd,2,35,2026-03-10 00:13:26.274402+00
김성민,0,58,2026-03-09 12:40:50.885566+00
hletrd,1,35,2026-03-09 11:45:51.951744+00
hletrd,1,35,2026-03-09 11:45:44.06792+00
hletrd,1,35,2026-03-09 11:45:36.453241+00
hletrd,0,35,2026-03-09 10:51:48.120269+00
cyjun0304,25,8,2026-03-09 09:45:27.981582+00
hletrd,9,35,2026-03-09 09:45:19.70157+00
hletrd,9,35,2026-03-09 09:43:16.773278+00
hletrd,1,22,2026-03-09 09:39:23.920204+00
hletrd,15,32,2026-03-09 09:37:19.450209+00
cyjun0304,13,7,2026-03-09 08:24:38.716233+00
cyjun0304,10,7,2026-03-09 08:06:36.238724+00
cyjun0304,10,7,2026-03-09 08:06:34.011385+00
cyjun0304,10,7,2026-03-09 08:02:47.141336+00
cyjun0304,10,7,2026-03-09 08:02:45.516476+00
cyjun0304,10,7,2026-03-09 08:02:43.886092+00
cyjun0304,10,7,2026-03-09 08:02:42.242381+00
cyjun0304,10,7,2026-03-09 08:02:40.585008+00
cyjun0304,10,7,2026-03-09 08:02:38.917015+00
cyjun0304,10,7,2026-03-09 08:02:37.261472+00
cyjun0304,10,7,2026-03-09 08:02:35.572281+00
cyjun0304,10,7,2026-03-09 08:02:33.919409+00
cyjun0304,10,7,2026-03-09 08:02:32.282558+00
cyjun0304,10,7,2026-03-09 08:02:30.592401+00
cyjun0304,10,7,2026-03-09 08:02:28.964204+00
cyjun0304,10,7,2026-03-09 08:02:27.284992+00
cyjun0304,10,7,2026-03-09 08:02:25.629398+00
cyjun0304,10,7,2026-03-09 08:02:23.999015+00
cyjun0304,10,7,2026-03-09 08:02:22.31803+00
cyjun0304,10,7,2026-03-09 08:02:20.086902+00
cyjun0304,10,7,2026-03-09 08:02:18.236486+00
김성민,1,57,2026-03-09 08:02:13.633671+00
jaeyoon,10,12,2026-03-09 07:49:00.051396+00
김성민,9,54,2026-03-09 06:04:58.409657+00
김성민,9,54,2026-03-09 05:47:34.053382+00
김성민,8,54,2026-03-09 05:44:59.66485+00
hletrd,20,28,2026-03-09 03:14:59.43977+00
조면철,1,0,2026-03-09 02:45:38.625405+00
hletrd,16,28,2026-03-09 02:45:36.974254+00
Da-hye Kim,92,27,2026-03-09 02:41:51.77144+00
조면철,0,0,2026-03-09 02:22:14.443191+00
hletrd,2,26,2026-03-09 01:12:01.785228+00
hletrd,1,22,2026-03-08 10:47:58.996234+00
hletrd,11,10,2026-03-08 01:57:42.820241+00
hletrd,1,9,2026-03-08 01:02:22.938946+00
hletrd,1,9,2026-03-08 00:57:21.992138+00
hletrd,0,9,2026-03-08 00:46:05.643456+00
hletrd,6,9,2026-03-07 15:35:44.339829+00
hletrd,1,22,2026-03-07 15:14:10.771296+00
hletrd,1,22,2026-03-07 13:43:44.669229+00
inkeun,3,9,2026-03-07 11:41:01.163606+00
inkeun,4,9,2026-03-07 11:41:00.98277+00
inkeun,3,9,2026-03-07 11:40:59.580035+00
inkeun,4,9,2026-03-07 11:40:59.41944+00
inkeun,3,9,2026-03-07 11:40:57.989313+00
inkeun,4,9,2026-03-07 11:40:57.782769+00
inkeun,3,9,2026-03-07 11:40:56.394153+00
inkeun,4,9,2026-03-07 11:40:56.206585+00
inkeun,3,9,2026-03-07 11:40:54.771709+00
inkeun,4,9,2026-03-07 11:40:54.4488+00
inkeun,3,9,2026-03-07 11:40:53.210468+00
inkeun,4,9,2026-03-07 11:40:52.853689+00
inkeun,3,9,2026-03-07 11:40:51.652092+00
inkeun,4,9,2026-03-07 11:40:51.278856+00
inkeun,3,9,2026-03-07 11:40:50.067752+00
inkeun,4,9,2026-03-07 11:40:49.700718+00
inkeun,3,9,2026-03-07 11:40:48.491443+00
inkeun,4,9,2026-03-07 11:40:48.126582+00
inkeun,3,9,2026-03-07 11:40:46.948833+00
inkeun,4,9,2026-03-07 11:40:46.581816+00
inkeun,3,9,2026-03-07 11:40:45.37701+00
inkeun,4,9,2026-03-07 11:40:45.00685+00
inkeun,3,9,2026-03-07 11:40:43.79471+00
inkeun,4,9,2026-03-07 11:40:43.45293+00
inkeun,3,9,2026-03-07 11:40:42.210941+00
inkeun,4,9,2026-03-07 11:40:41.847722+00
inkeun,3,9,2026-03-07 11:40:40.613518+00
inkeun,4,9,2026-03-07 11:40:40.265798+00
inkeun,3,9,2026-03-07 11:40:39.037489+00
inkeun,4,9,2026-03-07 11:40:38.707665+00
inkeun,3,9,2026-03-07 11:40:37.424961+00
inkeun,4,9,2026-03-07 11:40:36.963453+00
inkeun,3,9,2026-03-07 11:40:35.852392+00
inkeun,4,9,2026-03-07 11:40:35.362353+00
inkeun,3,9,2026-03-07 11:40:34.2487+00
inkeun,4,9,2026-03-07 11:40:33.748597+00
inkeun,3,9,2026-03-07 11:40:32.650174+00
inkeun,4,9,2026-03-07 11:40:32.16071+00
inkeun,3,9,2026-03-07 11:40:31.062767+00
inkeun,4,9,2026-03-07 11:40:30.562489+00
inkeun,3,9,2026-03-07 11:40:29.497016+00
inkeun,4,9,2026-03-07 11:40:28.984318+00
inkeun,3,9,2026-03-07 11:40:27.940444+00
inkeun,4,9,2026-03-07 11:40:27.402445+00
inkeun,3,9,2026-03-07 11:40:26.367127+00
inkeun,4,9,2026-03-07 11:40:25.79255+00
inkeun,3,9,2026-03-07 11:40:24.786308+00
inkeun,4,9,2026-03-07 11:40:24.168706+00
inkeun,3,9,2026-03-07 11:40:23.195713+00
inkeun,4,9,2026-03-07 11:40:22.580968+00
inkeun,3,9,2026-03-07 11:40:21.573823+00
inkeun,4,9,2026-03-07 11:40:20.985465+00
inkeun,3,9,2026-03-07 11:40:20.011783+00
inkeun,4,9,2026-03-07 11:40:19.367956+00
inkeun,3,9,2026-03-07 11:40:18.282419+00
inkeun,4,9,2026-03-07 11:40:17.696407+00
inkeun,3,9,2026-03-07 11:40:16.688573+00
inkeun,4,9,2026-03-07 11:40:16.068051+00
inkeun,3,9,2026-03-07 11:40:15.092755+00
inkeun,4,9,2026-03-07 11:40:14.393135+00
inkeun,3,9,2026-03-07 11:40:13.007755+00
inkeun,3,9,2026-03-07 11:40:11.307109+00
inkeun,4,9,2026-03-07 11:40:10.252383+00
inkeun,3,9,2026-03-07 11:40:08.961151+00
inkeun,4,9,2026-03-07 11:40:08.609663+00
inkeun,3,9,2026-03-07 11:40:07.370673+00
inkeun,3,9,2026-03-07 11:40:05.769581+00
inkeun,4,9,2026-03-07 11:40:04.309847+00
inkeun,3,9,2026-03-07 11:40:04.177862+00
inkeun,3,9,2026-03-07 11:40:02.596498+00
inkeun,3,9,2026-03-07 11:40:01.003788+00
inkeun,3,9,2026-03-07 11:39:59.414112+00
inkeun,3,9,2026-03-07 11:39:57.83726+00
inkeun,3,9,2026-03-07 11:39:56.188278+00
inkeun,3,9,2026-03-07 11:39:54.63346+00
inkeun,3,9,2026-03-07 11:39:53.063334+00
inkeun,3,9,2026-03-07 11:39:51.489126+00
inkeun,3,9,2026-03-07 11:39:49.917996+00
inkeun,3,9,2026-03-07 11:39:48.342291+00
inkeun,3,9,2026-03-07 11:39:46.762437+00
inkeun,3,9,2026-03-07 11:39:45.186526+00
inkeun,4,9,2026-03-07 11:39:44.853779+00
inkeun,3,9,2026-03-07 11:39:43.079561+00
inkeun,3,9,2026-03-07 11:39:41.469794+00
inkeun,3,9,2026-03-07 11:39:39.889414+00
inkeun,3,9,2026-03-07 11:39:38.311262+00
inkeun,3,9,2026-03-07 11:39:36.746664+00
inkeun,3,9,2026-03-07 11:39:35.187684+00
inkeun,3,9,2026-03-07 11:39:33.587307+00
inkeun,3,9,2026-03-07 11:39:32.001981+00
inkeun,3,9,2026-03-07 11:39:30.441073+00
inkeun,3,9,2026-03-07 11:39:28.791589+00
inkeun,3,9,2026-03-07 11:39:27.202768+00
inkeun,3,9,2026-03-07 11:39:25.640646+00
inkeun,3,9,2026-03-07 11:39:24.044419+00
inkeun,3,9,2026-03-07 11:39:22.465126+00
inkeun,3,9,2026-03-07 11:39:20.832364+00
inkeun,3,9,2026-03-07 11:39:19.251679+00
inkeun,3,9,2026-03-07 11:39:17.663509+00
inkeun,3,9,2026-03-07 11:39:16.07144+00
inkeun,3,9,2026-03-07 11:39:14.460198+00
inkeun,3,9,2026-03-07 11:39:12.868421+00
inkeun,3,9,2026-03-07 11:39:11.279645+00
inkeun,3,9,2026-03-07 11:39:09.672957+00
inkeun,3,9,2026-03-07 11:39:08.03279+00
inkeun,3,9,2026-03-07 11:39:06.428782+00
inkeun,3,9,2026-03-07 11:39:04.856779+00
inkeun,3,9,2026-03-07 11:39:03.232558+00
inkeun,3,9,2026-03-07 11:39:01.629938+00
inkeun,3,9,2026-03-07 11:39:00.027305+00
inkeun,3,9,2026-03-07 11:38:58.42967+00
inkeun,3,9,2026-03-07 11:38:56.860855+00
inkeun,3,9,2026-03-07 11:38:55.283716+00
inkeun,3,9,2026-03-07 11:38:53.67229+00
inkeun,3,9,2026-03-07 11:38:52.079855+00
inkeun,3,9,2026-03-07 11:38:50.45865+00
inkeun,3,9,2026-03-07 11:38:48.844346+00
inkeun,3,9,2026-03-07 11:38:47.255054+00
inkeun,3,9,2026-03-07 11:38:45.674319+00
inkeun,3,9,2026-03-07 11:38:44.058925+00
inkeun,3,9,2026-03-07 11:38:42.44925+00
inkeun,3,9,2026-03-07 11:38:40.821664+00
inkeun,3,9,2026-03-07 11:38:39.221564+00
inkeun,3,9,2026-03-07 11:38:37.632475+00
inkeun,3,9,2026-03-07 11:38:35.955731+00
inkeun,3,9,2026-03-07 11:38:34.356391+00
inkeun,3,9,2026-03-07 11:38:32.775959+00
inkeun,3,9,2026-03-07 11:38:31.164014+00
inkeun,3,9,2026-03-07 11:38:29.546089+00
inkeun,3,9,2026-03-07 11:38:27.942988+00
inkeun,3,9,2026-03-07 11:38:26.303342+00
inkeun,3,9,2026-03-07 11:38:24.65693+00
inkeun,3,9,2026-03-07 11:38:23.018014+00
inkeun,3,9,2026-03-07 11:38:21.444648+00
inkeun,3,9,2026-03-07 11:38:19.813118+00
inkeun,3,9,2026-03-07 11:38:18.172473+00
inkeun,3,9,2026-03-07 11:38:16.569199+00
inkeun,3,9,2026-03-07 11:38:14.924427+00
inkeun,3,9,2026-03-07 11:38:13.307533+00
inkeun,3,9,2026-03-07 11:38:11.659281+00
inkeun,3,9,2026-03-07 11:38:10.061441+00
inkeun,3,9,2026-03-07 11:38:08.347733+00
inkeun,3,9,2026-03-07 11:38:06.239809+00
inkeun,3,9,2026-03-07 11:38:04.663622+00
inkeun,3,9,2026-03-07 11:38:02.939465+00
inkeun,3,9,2026-03-07 11:38:01.346929+00
inkeun,3,9,2026-03-07 11:37:59.766206+00
inkeun,3,9,2026-03-07 11:37:58.187105+00
inkeun,3,9,2026-03-07 11:37:56.622403+00
inkeun,3,9,2026-03-07 11:37:55.048247+00
inkeun,3,9,2026-03-07 11:37:53.445613+00
inkeun,3,9,2026-03-07 11:37:51.88168+00
inkeun,3,9,2026-03-07 11:37:50.292858+00
inkeun,3,9,2026-03-07 11:37:48.679999+00
inkeun,3,9,2026-03-07 11:37:47.107536+00
inkeun,3,9,2026-03-07 11:37:45.521685+00
inkeun,3,9,2026-03-07 11:37:43.905297+00
inkeun,3,9,2026-03-07 11:37:42.296264+00
inkeun,3,9,2026-03-07 11:37:40.654421+00
inkeun,3,9,2026-03-07 11:37:39.012086+00
inkeun,3,9,2026-03-07 11:37:37.427279+00
inkeun,3,9,2026-03-07 11:37:35.817761+00
inkeun,3,9,2026-03-07 11:37:34.066599+00
inkeun,3,9,2026-03-07 11:37:32.26982+00
inkeun,3,9,2026-03-07 11:37:30.342317+00
inkeun,3,9,2026-03-07 11:37:28.578422+00
inkeun,3,9,2026-03-07 11:37:26.935899+00
inkeun,3,9,2026-03-07 11:37:24.687609+00
inkeun,3,9,2026-03-07 11:37:22.946931+00
inkeun,3,9,2026-03-07 11:37:21.161326+00
inkeun,2,9,2026-03-07 10:32:04.770367+00
inkeun,2,9,2026-03-07 10:32:04.324881+00
hletrd,1,22,2026-03-07 08:57:25.860569+00
hletrd,1,22,2026-03-07 08:51:45.097941+00
김성민,39,19,2026-03-07 07:38:34.406196+00
김성민,39,19,2026-03-07 07:38:15.183006+00
김성민,39,19,2026-03-07 07:37:37.594135+00
hletrd,0,22,2026-03-07 04:25:17.956236+00
hletrd,5,6,2026-03-07 04:17:41.29461+00
hletrd,3,6,2026-03-07 02:51:44.916768+00
hletrd,1,5,2026-03-07 02:43:32.591758+00
hletrd,0,22,2026-03-06 23:44:39.463179+00
hletrd,4,22,2026-03-06 17:31:36.136525+00
hletrd,4,22,2026-03-06 17:30:30.362764+00
hletrd,4,22,2026-03-06 16:56:59.851951+00
hletrd,0,5,2026-03-06 15:15:44.567637+00
hletrd,52,21,2026-03-06 15:09:08.629397+00
hletrd,52,21,2026-03-06 15:09:06.886296+00
hletrd,52,21,2026-03-06 15:09:05.108534+00
hletrd,52,21,2026-03-06 15:09:03.401862+00
hletrd,52,21,2026-03-06 15:09:01.58485+00
hletrd,52,21,2026-03-06 15:08:59.834775+00
hletrd,52,21,2026-03-06 15:08:58.058537+00
hletrd,52,21,2026-03-06 15:08:56.367891+00
hletrd,52,21,2026-03-06 15:08:54.660628+00
hletrd,52,21,2026-03-06 15:08:53.013373+00
hletrd,52,21,2026-03-06 15:08:51.289375+00
hletrd,52,21,2026-03-06 15:08:49.498367+00
hletrd,52,21,2026-03-06 15:08:47.833142+00
hletrd,52,21,2026-03-06 15:08:46.087958+00
hletrd,52,21,2026-03-06 15:08:44.441682+00
hletrd,52,21,2026-03-06 15:08:42.784927+00
hletrd,52,21,2026-03-06 15:08:41.073302+00
hletrd,52,21,2026-03-06 15:08:39.392215+00
hletrd,52,21,2026-03-06 15:08:37.746368+00
hletrd,52,21,2026-03-06 15:08:36.028039+00
hletrd,52,21,2026-03-06 15:08:34.329923+00
hletrd,52,21,2026-03-06 15:08:32.713487+00
hletrd,52,21,2026-03-06 15:08:31.034987+00
hletrd,52,21,2026-03-06 15:08:29.313721+00
hletrd,52,21,2026-03-06 15:08:27.597239+00
hletrd,52,21,2026-03-06 15:08:25.854725+00
hletrd,52,21,2026-03-06 15:08:24.080363+00
hletrd,52,21,2026-03-06 15:08:22.387775+00
hletrd,52,21,2026-03-06 15:08:20.699766+00
hletrd,52,21,2026-03-06 15:08:19.040015+00
hletrd,52,21,2026-03-06 15:08:17.304908+00
hletrd,52,21,2026-03-06 15:08:15.563664+00
hletrd,52,21,2026-03-06 15:08:13.792951+00
hletrd,52,21,2026-03-06 15:08:12.131112+00
hletrd,52,21,2026-03-06 15:08:10.445949+00
hletrd,52,21,2026-03-06 15:08:08.758056+00
hletrd,52,21,2026-03-06 15:08:06.962568+00
hletrd,52,21,2026-03-06 15:08:05.174687+00
hletrd,52,21,2026-03-06 15:08:03.407464+00
hletrd,52,21,2026-03-06 15:08:01.557881+00
hletrd,52,21,2026-03-06 15:07:59.774311+00
hletrd,52,21,2026-03-06 15:07:58.097336+00
hletrd,52,21,2026-03-06 15:07:56.354381+00
hletrd,52,21,2026-03-06 15:07:54.654226+00
hletrd,52,21,2026-03-06 15:07:52.890185+00
hletrd,52,21,2026-03-06 15:07:51.216755+00
hletrd,52,21,2026-03-06 15:07:49.486985+00
hletrd,52,21,2026-03-06 15:07:47.799709+00
hletrd,52,21,2026-03-06 15:07:46.09893+00
hletrd,52,21,2026-03-06 15:07:44.401853+00
hletrd,52,21,2026-03-06 15:07:42.708481+00
hletrd,52,21,2026-03-06 15:07:40.941765+00
hletrd,52,21,2026-03-06 15:07:39.211735+00
hletrd,52,21,2026-03-06 15:07:37.464663+00
hletrd,52,21,2026-03-06 15:07:35.759285+00
hletrd,52,21,2026-03-06 15:07:34.038391+00
hletrd,52,21,2026-03-06 15:07:32.275676+00
hletrd,52,21,2026-03-06 15:07:30.557231+00
hletrd,52,21,2026-03-06 15:07:28.724862+00
hletrd,52,21,2026-03-06 15:07:27.033286+00
hletrd,52,21,2026-03-06 15:07:25.331478+00
hletrd,52,21,2026-03-06 15:07:23.577721+00
hletrd,52,21,2026-03-06 15:07:21.881481+00
hletrd,52,21,2026-03-06 15:07:20.220899+00
hletrd,52,21,2026-03-06 15:07:18.548716+00
hletrd,52,21,2026-03-06 15:07:16.786773+00
hletrd,52,21,2026-03-06 15:07:14.999006+00
hletrd,52,21,2026-03-06 15:07:13.268418+00
hletrd,52,21,2026-03-06 15:07:11.560107+00
hletrd,52,21,2026-03-06 15:07:09.327211+00
hletrd,52,21,2026-03-06 15:07:07.511523+00
hletrd,52,21,2026-03-06 15:07:05.730139+00
hletrd,52,21,2026-03-06 15:07:03.955737+00
hletrd,52,21,2026-03-06 15:07:02.296826+00
hletrd,52,21,2026-03-06 15:07:00.575586+00
hletrd,52,21,2026-03-06 15:06:58.798197+00
hletrd,52,21,2026-03-06 15:06:56.948634+00
hletrd,52,21,2026-03-06 15:06:55.110685+00
hletrd,52,21,2026-03-06 15:06:53.435945+00
hletrd,52,21,2026-03-06 15:06:51.728263+00
hletrd,52,21,2026-03-06 15:06:49.083015+00
hletrd,52,21,2026-03-06 15:06:46.809394+00
hletrd,52,21,2026-03-06 15:06:45.067981+00
hletrd,52,21,2026-03-06 15:06:43.330274+00
hletrd,52,21,2026-03-06 15:06:41.619168+00
hletrd,52,21,2026-03-06 15:06:39.915552+00
hletrd,52,21,2026-03-06 15:06:38.018269+00
hletrd,52,21,2026-03-06 15:06:36.28831+00
hletrd,52,21,2026-03-06 15:06:34.567121+00
hletrd,52,21,2026-03-06 15:06:32.893317+00
hletrd,52,21,2026-03-06 15:06:31.207593+00
hletrd,52,21,2026-03-06 15:06:29.526119+00
hletrd,52,21,2026-03-06 15:06:27.785682+00
hletrd,52,21,2026-03-06 15:06:26.029514+00
hletrd,52,21,2026-03-06 15:06:24.249887+00
hletrd,52,21,2026-03-06 15:06:22.491373+00
hletrd,52,21,2026-03-06 15:06:20.762516+00
hletrd,52,21,2026-03-06 15:06:18.849695+00
hletrd,52,21,2026-03-06 15:06:17.093126+00
hletrd,52,21,2026-03-06 15:06:15.355781+00
hletrd,52,21,2026-03-06 15:06:13.628882+00
hletrd,52,21,2026-03-06 15:06:11.89745+00
hletrd,52,21,2026-03-06 15:06:10.169959+00
hletrd,52,21,2026-03-06 15:06:08.366547+00
hletrd,52,21,2026-03-06 15:06:06.64039+00
hletrd,52,21,2026-03-06 15:06:04.872291+00
hletrd,52,21,2026-03-06 15:06:03.149112+00
hletrd,52,21,2026-03-06 15:06:01.413003+00
hletrd,52,21,2026-03-06 15:05:59.660094+00
hletrd,52,21,2026-03-06 15:05:57.940984+00
hletrd,52,21,2026-03-06 15:05:56.222574+00
hletrd,52,21,2026-03-06 15:05:54.534325+00
hletrd,52,21,2026-03-06 15:05:52.777695+00
hletrd,52,21,2026-03-06 15:05:51.065709+00
hletrd,52,21,2026-03-06 15:05:49.323767+00
hletrd,52,21,2026-03-06 15:05:47.431191+00
hletrd,52,21,2026-03-06 15:05:45.624706+00
hletrd,52,21,2026-03-06 15:05:43.879322+00
hletrd,52,21,2026-03-06 15:05:42.12835+00
hletrd,52,21,2026-03-06 15:05:40.341714+00
hletrd,52,21,2026-03-06 15:05:38.625346+00
hletrd,52,21,2026-03-06 15:05:36.899608+00
hletrd,52,21,2026-03-06 15:05:35.113675+00
hletrd,52,21,2026-03-06 15:05:33.348872+00
hletrd,52,21,2026-03-06 15:05:31.596932+00
hletrd,52,21,2026-03-06 15:05:29.826129+00
hletrd,52,21,2026-03-06 15:05:27.994777+00
hletrd,52,21,2026-03-06 15:05:26.21557+00
hletrd,52,21,2026-03-06 15:05:24.435533+00
hletrd,52,21,2026-03-06 15:05:22.671698+00
hletrd,52,21,2026-03-06 15:05:20.886839+00
hletrd,52,21,2026-03-06 15:05:19.128262+00
hletrd,52,21,2026-03-06 15:05:17.351276+00
hletrd,52,21,2026-03-06 15:05:15.555178+00
hletrd,52,21,2026-03-06 15:05:13.803915+00
hletrd,52,21,2026-03-06 15:05:12.06106+00
hletrd,52,21,2026-03-06 15:05:10.356831+00
hletrd,52,21,2026-03-06 15:05:08.563385+00
hletrd,0,21,2026-03-06 15:05:07.372771+00
hletrd,52,21,2026-03-06 15:05:06.90108+00
hletrd,52,21,2026-03-06 15:05:05.219578+00
hletrd,52,21,2026-03-06 15:05:03.394367+00
hletrd,52,21,2026-03-06 15:05:01.554371+00
hletrd,52,21,2026-03-06 15:04:59.841833+00
hletrd,52,21,2026-03-06 15:04:58.115723+00
hletrd,52,21,2026-03-06 15:04:56.358809+00
hletrd,52,21,2026-03-06 15:04:54.654782+00
hletrd,52,21,2026-03-06 15:04:52.968199+00
hletrd,52,21,2026-03-06 15:04:51.24892+00
hletrd,52,21,2026-03-06 15:04:49.538001+00
hletrd,52,21,2026-03-06 15:04:47.807083+00
hletrd,52,21,2026-03-06 15:04:46.118392+00
hletrd,52,21,2026-03-06 15:04:44.436828+00
hletrd,52,21,2026-03-06 15:04:42.674972+00
hletrd,52,21,2026-03-06 15:04:40.97347+00
hletrd,52,21,2026-03-06 15:04:38.395105+00
hletrd,52,21,2026-03-06 15:04:36.698962+00
hletrd,52,21,2026-03-06 15:04:34.891456+00
hletrd,52,21,2026-03-06 15:04:33.152286+00
hletrd,52,21,2026-03-06 15:04:31.41736+00
hletrd,52,21,2026-03-06 15:04:29.685769+00
hletrd,52,21,2026-03-06 15:04:27.989003+00
hletrd,52,21,2026-03-06 15:04:26.220206+00
hletrd,52,21,2026-03-06 15:04:24.452999+00
hletrd,52,21,2026-03-06 15:04:22.733948+00
hletrd,52,21,2026-03-06 15:04:20.969449+00
hletrd,52,21,2026-03-06 15:04:19.194746+00
hletrd,52,21,2026-03-06 15:04:17.451711+00
hletrd,52,21,2026-03-06 15:04:15.660539+00
hletrd,52,21,2026-03-06 15:04:13.933677+00
hletrd,52,21,2026-03-06 15:04:12.121574+00
hletrd,52,21,2026-03-06 15:04:10.378268+00
hletrd,52,21,2026-03-06 15:04:08.647907+00
hletrd,52,21,2026-03-06 15:04:06.931374+00
hletrd,52,21,2026-03-06 15:04:05.151995+00
hletrd,52,21,2026-03-06 15:04:03.401873+00
hletrd,52,21,2026-03-06 15:04:01.685017+00
hletrd,52,21,2026-03-06 15:03:59.927388+00
hletrd,52,21,2026-03-06 15:03:57.87819+00
hletrd,52,21,2026-03-06 15:03:56.127816+00
hletrd,52,21,2026-03-06 15:03:54.413743+00
hletrd,52,21,2026-03-06 15:03:52.672914+00
hletrd,52,21,2026-03-06 15:03:50.957655+00
hletrd,52,21,2026-03-06 15:03:49.202897+00
hletrd,52,21,2026-03-06 15:03:47.485793+00
hletrd,52,21,2026-03-06 15:03:45.657923+00
hletrd,52,21,2026-03-06 15:03:43.863274+00
hletrd,52,21,2026-03-06 15:03:42.149384+00
hletrd,52,21,2026-03-06 15:03:40.331148+00
hletrd,52,21,2026-03-06 15:03:38.566108+00
hletrd,52,21,2026-03-06 15:03:36.828828+00
hletrd,52,21,2026-03-06 15:03:35.109548+00
hletrd,52,21,2026-03-06 15:03:33.334454+00
hletrd,52,21,2026-03-06 15:03:31.59427+00
hletrd,52,21,2026-03-06 15:03:29.822052+00
hletrd,52,21,2026-03-06 15:03:27.957117+00
hletrd,52,21,2026-03-06 15:03:26.176325+00
hletrd,52,21,2026-03-06 15:03:24.357954+00
hletrd,52,21,2026-03-06 15:03:22.564013+00
hletrd,52,21,2026-03-06 15:03:20.858273+00
hletrd,52,21,2026-03-06 15:03:19.131937+00
hletrd,52,21,2026-03-06 15:03:17.36888+00
hletrd,52,21,2026-03-06 15:03:15.281699+00
hletrd,52,21,2026-03-06 15:03:13.570821+00
hletrd,52,21,2026-03-06 15:03:11.807665+00
hletrd,52,21,2026-03-06 15:03:10.023617+00
hletrd,52,21,2026-03-06 15:03:08.257424+00
hletrd,52,21,2026-03-06 15:03:06.517486+00
hletrd,52,21,2026-03-06 15:03:04.71842+00
hletrd,52,21,2026-03-06 15:03:02.901867+00
hletrd,52,21,2026-03-06 15:03:01.14905+00
hletrd,52,21,2026-03-06 15:02:59.409039+00
hletrd,52,21,2026-03-06 15:02:57.717186+00
hletrd,52,21,2026-03-06 15:02:55.904668+00
hletrd,52,21,2026-03-06 15:02:54.159954+00
hletrd,52,21,2026-03-06 15:02:52.428186+00
hletrd,52,21,2026-03-06 15:02:50.593306+00
hletrd,52,21,2026-03-06 15:02:48.838934+00
hletrd,52,21,2026-03-06 15:02:47.095214+00
hletrd,52,21,2026-03-06 15:02:45.238276+00
hletrd,52,21,2026-03-06 15:02:43.465661+00
hletrd,52,21,2026-03-06 15:02:41.712612+00
hletrd,52,21,2026-03-06 15:02:39.889934+00
hletrd,52,21,2026-03-06 15:02:38.070326+00
hletrd,52,21,2026-03-06 15:02:36.336924+00
hletrd,52,21,2026-03-06 15:02:34.493436+00
hletrd,52,21,2026-03-06 15:02:32.694522+00
hletrd,52,21,2026-03-06 15:02:30.931333+00
hletrd,52,21,2026-03-06 15:02:29.155577+00
hletrd,52,21,2026-03-06 15:02:27.377152+00
hletrd,52,21,2026-03-06 15:02:25.588755+00
hletrd,52,21,2026-03-06 15:02:23.675024+00
hletrd,52,21,2026-03-06 15:02:21.771188+00
hletrd,52,21,2026-03-06 15:02:20.034224+00
hletrd,52,21,2026-03-06 15:02:18.193304+00
hletrd,52,21,2026-03-06 15:02:16.421079+00
hletrd,52,21,2026-03-06 15:02:14.489033+00
hletrd,52,21,2026-03-06 15:02:12.734475+00
hletrd,52,21,2026-03-06 15:02:10.981962+00
hletrd,52,21,2026-03-06 15:02:08.97127+00
hletrd,52,21,2026-03-06 15:02:07.202757+00
hletrd,52,21,2026-03-06 15:02:05.391115+00
hletrd,52,21,2026-03-06 15:02:03.577918+00
hletrd,52,21,2026-03-06 15:02:01.764211+00
hletrd,52,21,2026-03-06 15:02:00.003682+00
hletrd,52,21,2026-03-06 15:01:58.17402+00
hletrd,52,21,2026-03-06 15:01:56.389127+00
hletrd,52,21,2026-03-06 15:01:54.579348+00
hletrd,52,21,2026-03-06 15:01:52.78312+00
hletrd,52,21,2026-03-06 15:01:50.99769+00
hletrd,52,21,2026-03-06 15:01:48.695255+00
hletrd,52,21,2026-03-06 15:01:46.969426+00
hletrd,52,21,2026-03-06 15:01:45.227714+00
hletrd,52,21,2026-03-06 15:01:43.417773+00
hletrd,52,21,2026-03-06 15:01:41.671429+00
hletrd,52,21,2026-03-06 15:01:39.928055+00
hletrd,52,21,2026-03-06 15:01:38.202954+00
hletrd,52,21,2026-03-06 15:01:36.474248+00
hletrd,52,21,2026-03-06 15:01:34.711144+00
hletrd,52,21,2026-03-06 15:01:32.764885+00
hletrd,52,21,2026-03-06 15:01:31.084841+00
hletrd,52,21,2026-03-06 15:01:29.368586+00
hletrd,52,21,2026-03-06 15:01:27.60033+00
hletrd,52,21,2026-03-06 15:01:25.835399+00
hletrd,52,21,2026-03-06 15:01:24.113488+00
hletrd,52,21,2026-03-06 15:01:22.308223+00
hletrd,52,21,2026-03-06 15:01:20.564756+00
hletrd,52,21,2026-03-06 15:01:18.835343+00
hletrd,52,21,2026-03-06 15:01:17.080545+00
hletrd,52,21,2026-03-06 15:01:15.358117+00
hletrd,52,21,2026-03-06 15:01:13.625259+00
hletrd,52,21,2026-03-06 15:01:11.875045+00
hletrd,52,21,2026-03-06 15:01:10.122767+00
hletrd,52,21,2026-03-06 15:01:08.384972+00
hletrd,52,21,2026-03-06 15:01:06.679275+00
hletrd,52,21,2026-03-06 15:01:04.830547+00
hletrd,52,21,2026-03-06 15:01:03.045647+00
hletrd,52,21,2026-03-06 15:01:01.216632+00
hletrd,52,21,2026-03-06 15:00:59.431494+00
hletrd,52,21,2026-03-06 15:00:57.537354+00
hletrd,52,21,2026-03-06 15:00:55.807518+00
hletrd,52,21,2026-03-06 15:00:53.976603+00
hletrd,52,21,2026-03-06 15:00:52.206918+00
hletrd,52,21,2026-03-06 15:00:50.448489+00
hletrd,52,21,2026-03-06 15:00:48.647715+00
hletrd,52,21,2026-03-06 15:00:46.902822+00
hletrd,52,21,2026-03-06 15:00:45.185298+00
hletrd,52,21,2026-03-06 15:00:43.437594+00
hletrd,52,21,2026-03-06 15:00:41.668401+00
hletrd,52,21,2026-03-06 15:00:39.910444+00
hletrd,52,21,2026-03-06 15:00:38.067754+00
hletrd,52,21,2026-03-06 15:00:36.241442+00
hletrd,52,21,2026-03-06 15:00:34.345717+00
hletrd,52,21,2026-03-06 15:00:32.486411+00
hletrd,52,21,2026-03-06 15:00:30.540914+00
hletrd,52,21,2026-03-06 15:00:28.468911+00
hletrd,52,21,2026-03-06 15:00:26.470045+00
hletrd,52,21,2026-03-06 15:00:24.379345+00
hletrd,52,21,2026-03-06 15:00:22.488367+00
hletrd,52,21,2026-03-06 15:00:20.683979+00
hletrd,52,21,2026-03-06 15:00:18.887734+00
hletrd,52,21,2026-03-06 15:00:16.981035+00
hletrd,52,21,2026-03-06 15:00:15.182586+00
hletrd,52,21,2026-03-06 15:00:12.784838+00
hletrd,52,21,2026-03-06 15:00:10.504512+00
hletrd,52,21,2026-03-06 15:00:08.738576+00
hletrd,52,21,2026-03-06 15:00:06.922516+00
hletrd,52,21,2026-03-06 15:00:05.143342+00
hletrd,52,21,2026-03-06 15:00:03.342647+00
hletrd,52,21,2026-03-06 15:00:01.544544+00
hletrd,52,21,2026-03-06 14:59:59.795657+00
hletrd,52,21,2026-03-06 14:59:57.967669+00
hletrd,52,21,2026-03-06 14:59:56.191676+00
hletrd,52,21,2026-03-06 14:59:54.473898+00
hletrd,52,21,2026-03-06 14:59:52.735115+00
hletrd,52,21,2026-03-06 14:59:51.052101+00
hletrd,52,21,2026-03-06 14:59:49.33739+00
hletrd,52,21,2026-03-06 14:59:47.643822+00
hletrd,52,21,2026-03-06 14:59:45.941767+00
hletrd,52,21,2026-03-06 14:59:43.99363+00
hletrd,52,21,2026-03-06 14:59:42.181554+00
hletrd,52,21,2026-03-06 14:59:40.295255+00
hletrd,52,21,2026-03-06 14:59:38.513936+00
hletrd,52,21,2026-03-06 14:59:36.754173+00
hletrd,52,21,2026-03-06 14:59:34.973686+00
hletrd,52,21,2026-03-06 14:59:33.14043+00
hletrd,52,21,2026-03-06 14:59:30.779919+00
hletrd,52,21,2026-03-06 14:59:28.963547+00
hletrd,52,21,2026-03-06 14:59:27.025595+00
hletrd,52,21,2026-03-06 14:59:24.558422+00
hletrd,52,21,2026-03-06 14:59:21.973429+00
김성민,2,10,2026-03-06 12:32:21.104686+00
hletrd,47,7,2026-03-06 12:19:22.031418+00
hletrd,47,7,2026-03-06 12:19:15.234252+00
hletrd,47,7,2026-03-06 12:19:08.383054+00
hletrd,47,7,2026-03-06 11:47:10.910233+00
hletrd,4,1,2026-03-06 11:26:14.177539+00
hletrd,47,7,2026-03-06 09:43:46.620658+00
jaeyoon,6,1,2026-03-06 09:10:05.559434+00
jaeyoon,4,1,2026-03-06 08:36:02.207257+00
hletrd,47,7,2026-03-06 08:33:50.505815+00
hletrd,41,6,2026-03-06 08:18:36.238837+00
hletrd,41,6,2026-03-06 08:18:33.196335+00
hletrd,41,6,2026-03-06 08:11:17.660441+00
조면철,4,10,2026-03-06 07:41:03.427745+00
조면철,1,9,2026-03-06 07:11:35.389617+00
hletrd,10,2,2026-03-06 07:03:39.430525+00
조면철,5,9,2026-03-06 05:10:36.342717+00
hletrd,1,0,2026-03-06 04:07:57.211204+00
hletrd,0,100,2026-03-06 02:26:47.38847+00
hletrd,20,92,2026-03-06 00:26:31.068049+00
hletrd,18,92,2026-03-06 00:24:37.312581+00
조면철,3,8,2026-03-05 13:39:18.445285+00
hletrd,41,72,2026-03-05 13:09:04.221232+00
조면철,1,8,2026-03-05 12:14:42.863645+00
조면철,1,8,2026-03-05 12:14:42.621573+00
조면철,0,8,2026-03-05 12:05:24.137695+00
조면철,0,8,2026-03-05 12:02:58.010112+00
조면철,0,8,2026-03-05 12:02:56.140107+00
조면철,0,8,2026-03-05 12:02:53.558332+00
조면철,16,8,2026-03-05 11:34:32.266043+00
조면철,14,7,2026-03-05 10:53:13.613745+00
jaeyoon,18,23,2026-03-05 09:43:08.414094+00
jaeyoon,8,21,2026-03-05 08:25:37.888872+00
jaeyoon,8,21,2026-03-05 08:25:37.219936+00
조면철,6,5,2026-03-05 06:38:26.619658+00
hletrd,0,100,2026-03-05 06:21:43.224051+00
hletrd,0,100,2026-03-05 06:21:41.568818+00
hletrd,0,100,2026-03-05 06:21:39.919742+00
hletrd,0,100,2026-03-05 06:21:38.264459+00
hletrd,0,100,2026-03-05 06:21:36.59275+00
hletrd,0,100,2026-03-05 06:21:34.957123+00
hletrd,0,100,2026-03-05 06:21:33.289459+00
hletrd,0,100,2026-03-05 06:21:31.611527+00
hletrd,0,100,2026-03-05 06:21:29.940473+00
hletrd,0,100,2026-03-05 06:21:28.270489+00
hletrd,0,100,2026-03-05 06:21:26.580385+00
hletrd,0,100,2026-03-05 06:21:24.944506+00
hletrd,0,100,2026-03-05 06:21:23.287274+00
hletrd,0,100,2026-03-05 06:21:21.622222+00
hletrd,0,100,2026-03-05 06:21:19.870211+00
hletrd,0,100,2026-03-05 06:21:18.251421+00
hletrd,0,100,2026-03-05 06:21:16.646763+00
hletrd,0,100,2026-03-05 06:21:15.024129+00
hletrd,0,100,2026-03-05 06:21:13.412748+00
hletrd,0,100,2026-03-05 06:21:11.770833+00
hletrd,0,100,2026-03-05 06:21:10.085027+00
hletrd,0,100,2026-03-05 06:21:08.458388+00
hletrd,0,100,2026-03-05 06:21:06.838612+00
hletrd,0,100,2026-03-05 06:21:05.200798+00
hletrd,0,100,2026-03-05 06:21:03.566455+00
hletrd,0,100,2026-03-05 06:21:01.945827+00
hletrd,0,100,2026-03-05 06:21:00.271299+00
hletrd,0,100,2026-03-05 06:20:58.651825+00
hletrd,0,100,2026-03-05 06:20:57.05153+00
hletrd,0,100,2026-03-05 06:20:55.435832+00
hletrd,0,100,2026-03-05 06:20:53.796305+00
hletrd,0,100,2026-03-05 06:20:52.12864+00
hletrd,0,100,2026-03-05 06:20:50.498916+00
hletrd,0,100,2026-03-05 06:20:48.68112+00
hletrd,0,100,2026-03-05 06:20:47.041102+00
hletrd,0,100,2026-03-05 06:20:45.425711+00
hletrd,0,100,2026-03-05 06:20:43.745637+00
hletrd,0,100,2026-03-05 06:20:42.09593+00
hletrd,0,100,2026-03-05 06:20:40.240558+00
hletrd,0,100,2026-03-05 06:20:38.600201+00
hletrd,0,100,2026-03-05 06:20:36.951967+00
hletrd,0,100,2026-03-05 06:20:35.297661+00
hletrd,0,100,2026-03-05 06:20:33.693097+00
hletrd,0,100,2026-03-05 06:20:32.06677+00
hletrd,0,100,2026-03-05 06:20:30.448762+00
hletrd,0,100,2026-03-05 06:20:28.777359+00
hletrd,0,100,2026-03-05 06:20:27.15856+00
hletrd,0,100,2026-03-05 06:20:25.493862+00
hletrd,0,100,2026-03-05 06:20:23.81105+00
hletrd,39,59,2026-03-05 05:43:01.957026+00
김성민,11,2,2026-03-05 05:11:43.67077+00
김성민,11,2,2026-03-05 05:11:41.575232+00
jaeyoon,20,19,2026-03-05 04:29:01.443228+00
jyjung,20,19,2026-03-05 04:25:40.172253+00
jyjung,20,19,2026-03-05 04:25:20.576381+00
김성민,0,0,2026-03-05 03:08:03.909275+00
김성민,0,0,2026-03-05 03:08:02.320466+00
김성민,0,0,2026-03-05 03:08:00.715129+00
김성민,0,0,2026-03-05 03:07:59.064088+00
김성민,0,0,2026-03-05 03:07:57.438622+00
김성민,0,0,2026-03-05 03:07:55.777933+00
김성민,0,0,2026-03-05 03:07:54.097116+00
김성민,0,0,2026-03-05 03:07:52.492348+00
김성민,0,0,2026-03-05 03:07:50.294924+00
김성민,0,0,2026-03-05 03:07:48.39187+00
김성민,0,0,2026-03-05 03:07:46.512337+00
김성민,0,0,2026-03-05 03:07:44.540919+00
조면철,0,4,2026-03-05 03:02:46.044212+00
조면철,0,4,2026-03-05 03:02:45.978105+00
조면철,0,4,2026-03-05 02:44:29.759214+00
조면철,0,4,2026-03-05 02:42:35.071945+00
